feature	param0_importance	param1_importance
3UTR_length	0.4066530272028974	0.3096511143301914
5UTR_GC	0.31235483454332696	0.3509256876717668
5UTR_length	0.28099213825377556	0.339423197998042
